product_title,rating,total_rating,price,next_month_bought,offer,mrp,product_details_dict,brand,model_name,screen_size,colour,hard_disk_size,cpu_model,ram,os,special_features,graphics_card,about,technical_details_dict
"Lenovo Yoga Slim 7, Intel Core Ultra 5 125H, 16GB RAM, 512GB SSD, WUXGA-OLED 14""(35.5cm), Windows 11, Microsoft 365 Basic + Office Home 2024, Grey, 1.39Kg, 83CV00DFIN, 400Nits, 1Yr ADP Free, AI PC",4.3,(63),"85,990.",,-28%,"₹81,990","{'Brand': 'Lenovo', 'Model Name': 'Yoga Slim 7', 'Screen Size': '14', 'Colour': 'Luna Grey', 'Hard Disk Size': '512 GB', 'CPU Model': 'Intel Core Ultra 5', 'RAM Memory Installed Size': '16 GB', 'Operating System': 'Windows 11 Home', 'Special Feature': 'Anti Glare Coating, Backlit Keyboard, HD Audio', 'Graphics Card Description': 'Integrated'}",Lenovo,Yoga Slim 7,14,Luna Grey,512 GB,Intel Core Ultra 5,16 GB,Windows 11 Home,"Anti Glare Coating, Backlit Keyboard, HD Audio",Integrated,"About this itemAI Enabled Processor: Intel Core Ultra 5 125H, 14C (4P + 8E + 2LPE) / 18T, Max Turbo up to 4.5Ghz| Cores:-14 | Threads:- 18 | Cache:- 18MBOS: Pre-Loaded Windows 11 Home with Lifetime Validity | Microsoft 365 Basic + Office Home 2024 | Xbox GamePass Ultimate 3-month subscriptionMemory and Storage: 16GB RAM LPDDR5 -6400 | 512GB SSD M.2 2242 PCIe 4.0x4 NVMe || Graphics: Integrated Intel Arc Graphics | NPU: Integrated Intel AI Boost, up to 11 TOPSDisplay: 14"" WUXGA (1920x1200) OLED | Display: 400nits Glossy | 60Hz | 100% DCI-P3 | Display HDR True Black 500 | Dolby Vision | EyesafeCamera:- FHD 1080p + IR with E-shutter, ToF Sensor | Speakers:- Stereo speakers, 2W x4, optimized with Dolby Atmos, Amplifier (AMP) || Connections:- Wi-Fi 6E, 802.11ax 2x2 + BT5.3Battery:- 65Wh | supports Rapid Charge Boost (get 2 hours of runtime with a 15-minute charge) | Max Battery Life : MobileMark 25 at 250nits: 10.3 hr, Local video (1080p) playback at 150nits: 20.8 hrDesign: 1.49 cm Thin and 1.39 kg Light | Full Body Aluminium Material | Backlit KeyboardPorts:- 1x USB-A (USB 5Gbps / USB 3.2 Gen 1), Always On | 2x USB-C (Thunderbolt 4 / USB4 40Gbps), with USB PD 3.1 and DisplayPort 1.4 | 1x HDMI 2.1, up to 4K/60Hz | 1x Headphone / microphone combo jack (3.5mm)Mil-Grade:- Go anywhere with this ultra-tough, military-grade laptop. Built to MIL-STD-810H standards, it handles extreme temperatures, altitude, humidity, drops, and more. From class to café or boardroom to game room, it’s built to keep up with your every move.Warranty:- 1Year Onsite with 1 Year Accidental Damage Protection and 1 Year Premium careShow More›See more product details","{'Brand': '\u200eLenovo', 'Manufacturer': '\u200eLenovo', 'Series': '\u200eYoga Slim 7', 'Colour': '\u200eLuna Grey', 'Form Factor': '\u200eThin & Light', 'Standing screen display size': '\u200e14', 'Screen Resolution': '\u200e1920 x 1200 pixels', 'Resolution': '\u200e1920 x 1200', 'Package Dimensions': '\u200e45.2 x 29.2 x 7.9 cm; 1.39 kg', 'Batteries': '\u200e1 D batteries required. (included)', 'Item model number': '\u200e14IMH9', 'Processor Brand': '\u200eIntel', 'Processor Type': '\u200eIntel Core Ultra 5', 'Processor Speed': '\u200e2.5', 'Processor Count': '\u200e14', 'Memory Technology': '\u200eLpddr 5', 'Computer Memory Type': '\u200eDDR5 RAM', 'Maximum Memory Supported': '\u200e16 GB', 'Hard Drive Size': '\u200e512 GB', 'Hard Disk Description': '\u200eSSD', 'Audio Details': '\u200eHeadphones, Speakers', 'Speaker Description': '\u200eStereo speakers, 2W x4, optimized with Dolby Atmos®, Amplifier (AMP)', 'Graphics Coprocessor': '\u200eIntegrated Intel Arc Graphics', 'Graphics Chipset Brand': '\u200eIntel', 'Graphics Card Description': '\u200eIntegrated', 'Graphics RAM Type': '\u200eShared', 'Graphics Card Interface': '\u200eIntegrated', 'Connectivity Type': '\u200eBluetooth, Wi-Fi', 'Wireless Type': '\u200e802.11ax', 'Number of USB 3.0 Ports': '\u200e1', 'Optical Drive Type': '\u200eNo Optical Drive', 'Operating System': '\u200eWindows 11 Home', 'Average Battery Life (in hours)': '\u200e10 Hours', 'Are Batteries Included': '\u200eYes', 'Lithium Battery Energy Content': '\u200e65 Watt Hours', 'Number of Lithium Ion Cells': '\u200e4', 'Included Components': '\u200eLaptop', 'Country of Origin': '\u200eChina', 'Item Weight': '\u200e1 kg 390 g'}"
"Lenovo V15 G4 AMD Ryzen 5 7520U 15.6 inch FHD Laptop, AMD Graphics, 16GB DDR5 5500Mhz Ram, 512GB SSD NVMe, Windows 11, Dolby Audio, Arctic Grey, 1 Year Onsite Brand Warranty",4.0,(313),"38,000.",500+ boughtin past month,-27%,"₹39,999","{'Brand': 'Lenovo', 'Model Name': 'Lenovo V15', 'Screen Size': '15.6 Inches', 'Colour': 'Gray', 'Hard Disk Size': '512 GB', 'CPU Model': 'Ryzen 5', 'RAM Memory Installed Size': '16 GB', 'Operating System': 'Windows 11', 'Special Feature': 'HD Audio', 'Graphics Card Description': 'Integrated'}",Lenovo,Lenovo V15,15.6 Inches,Gray,512 GB,Ryzen 5,16 GB,Windows 11,HD Audio,Integrated,"About this itemProcessor: AMD Ryzen 5 7520U processor, base speed 2.8 Ghz, max speed 4.3 Ghz, 4 Cores, 4MB L3 cache | Memory: 16GB LPDDR5 RAM 5500 MHz | Storage: 512GB M.2 PCIe SSD (expandable upto 1TB)Operating System: Windows 11Display: 15.6"" (39.62 cm) FHD (1920x1080) 250 Nits, Antiglare, Contrast Ratio: 500:1 | Graphics: Integrated AMD Radeon graphics | Monitor Supports: Supports upto 3 independent displaysPorts: 2x USB 3.2 Gen 1 | 1x USB-C 3.2 Gen 1 (support data transfer, Power Delivery (20V only) and DisplayPort 1.2) | 1x HDMI 1.4b | 1x Ethernet (RJ-45) | 1x Headphone / microphone combo jack (3.5mm) | 1x Power connectorCamera: HD 720p with Privacy Shutter | Keyboard: 6-row, spill-resistant, multimedia Fn keys, SMB Service Hot key, numeric keypad | Touchpad: Buttonless Mylar surface multi-touch touchpad, supports Precision TouchPad›See more product details","{'Brand': '\u200eLenovo', 'Manufacturer': '\u200eLenovo India Pvt Ltd', 'Series': '\u200eLenovo V15', 'Colour': '\u200eGray', 'Form Factor': '\u200eLaptop', 'Standing screen display size': '\u200e15.6 Inches', 'Screen Resolution': '\u200e1920 x 1080 pixels', 'Resolution': '\u200e1920 x 1080 Pixels', 'Batteries': '\u200e1 Lithium Ion batteries required. (included)', 'Item model number': '\u200e83CQA00WIN', 'Processor Brand': '\u200eAMD', 'Processor Type': '\u200eRyzen 5', 'Processor Count': '\u200e1', 'Memory Technology': '\u200eSO-DIMM', 'Computer Memory Type': '\u200eDDR5 RAM', 'Maximum Memory Supported': '\u200e16 GB', 'Hard Drive Size': '\u200e512 GB', 'Hard Disk Description': '\u200eSSD', 'Hard Drive Interface': '\u200eSolid State', 'Audio Details': '\u200eSpeakers', 'Speaker Description': '\u200eDolby Sound 2.0', 'Graphics Coprocessor': '\u200eIntegrated AMD Radeon™ 610M Graphics', 'Graphics Chipset Brand': '\u200eAMD', 'Graphics Card Description': '\u200eIntegrated', 'Graphics RAM Type': '\u200eDDR5 SDRAM', 'Graphics Card Ram Size': '\u200e16 GB', 'Graphics Card Interface': '\u200eIntegrated', 'Connectivity Type': '\u200eStandard Ports 2x USB 3.2 Gen 1 1x USB-C® 3.2 Gen 1 (support data transfer, Power Delivery (20V only) and DisplayPort™ 1.2) 1x HDMI® 1.4b 1x Headphone / microphone combo jack (3.5mm) 1x Ethernet (RJ-45) 1x Power connector, WLAN + Bluetooth Wi-Fi® 6, 802.11ax 2x2 + BT5.2', 'Wireless Type': '\u200eBluetooth', 'Number of USB 2.0 Ports': '\u200e2', 'Number of USB 3.0 Ports': '\u200e1', 'Number of HDMI Ports': '\u200e1', 'Voltage': '\u200e65 Kilovolts', 'Operating System': '\u200eWindows 11', 'Average Battery Standby Life (in hours)': '\u200e5.5 Hours', 'Average Battery Life (in hours)': '\u200e8.5 Hours', 'Are Batteries Included': '\u200eYes', 'Lithium Battery Energy Content': '\u200e1 Watt Hours', 'Number of Lithium Ion Cells': '\u200e1', 'Included Components': '\u200eAdaptor, Laptop, Power chord'}"
"BrowseBook 14.1"" FHD IPS Laptop | Best Student & Office Work Laptop | Celeron N4020 | 4GB RAM | 128GB SSD | Windows 11 | 38Wh | 1.3kg | Grey",3.1,(62),"16,990.",200+ boughtin past month,-60%,"₹12,090","{'Brand': 'Neopticon', 'Model Name': 'BrowseBook', 'Screen Size': '14.1 Inches', 'Colour': 'Gray', 'Hard Disk Size': '128 GB', 'CPU Model': 'Celeron N4020', 'RAM Memory Installed Size': '4 GB', 'Operating System': 'Windows 11 Home', 'Special Feature': 'HD Audio, Memory Card Slot', 'Graphics Card Description': 'Integrated'}",Neopticon,BrowseBook,14.1 Inches,Gray,128 GB,Celeron N4020,4 GB,Windows 11 Home,"HD Audio, Memory Card Slot",Integrated,"About this itemFull HD IPS Display: The 14.1-inch screen with 1920x1080 resolution delivers sharp and vibrant visuals, making it ideal for watching videos, browsing, and working on documents.38Wh Long-Lasting Battery: The 5000mAh battery provides extended usage time, allowing you to work or enjoy entertainment for hours without needing to recharge frequently.Smooth Performance: Powered by the Intel Celeron N4020 processor clocked up to 2.8GHz, along with 4GB RAM and a 128GB SSD, this laptop ensures quick multitasking and fast program loading.Multiple Ports: Equipped with USB 3.0, Type-C, Mini HDMI, a Micro SD card slot, and a 3.5mm audio jack, it offers versatile connectivity options for all your devices and accessories.Built for Daily Use: Lightweight at just 1.3kg, it features a webcam, stereo speakers, Bluetooth, and WiFi, making it perfect for everyday tasks, video calls, and entertainment on the go.›See more product details","{'Brand': '\u200eNeopticon', 'Manufacturer': '\u200eKaynes Electronics Manufacturing Pvt. Ltd. (KEMPL)', 'Series': '\u200eBrowseBook', 'Colour': '\u200eGray', 'Form Factor': '\u200eLaptop', 'Standing screen display size': '\u200e14.1 Inches', 'Screen Resolution': '\u200e1920 x 1080 pixels', 'Resolution': '\u200e1920 x 1080', 'Package Dimensions': '\u200e38.9 x 27.8 x 11.4 cm; 1.3 kg', 'Batteries': '\u200e1 Lithium Polymer batteries required. (included)', 'Item model number': '\u200eBBN40412814', 'Processor Brand': '\u200eIntel', 'Processor Type': '\u200eCeleron N4020', 'Processor Speed': '\u200e2.8 GHz', 'Processor Count': '\u200e2', 'Memory Technology': '\u200eLPDDR4', 'Computer Memory Type': '\u200eDDR4 SDRAM', 'Maximum Memory Supported': '\u200e4 GB', 'Hard Drive Size': '\u200e128 GB', 'Hard Disk Description': '\u200eSSD', 'Speaker Description': '\u200e2W X 2 box steieos Speakers', 'Graphics Coprocessor': '\u200eIntel Integrated Intel UHD Graphics', 'Graphics Chipset Brand': '\u200eIntel', 'Graphics Card Description': '\u200eIntegrated', 'Graphics RAM Type': '\u200eDDR4 SDRAM', 'Graphics Card Interface': '\u200eIntegrated', 'Connectivity Type': '\u200eWi-Fi', 'Number of USB 2.0 Ports': '\u200e1', 'Number of USB 3.0 Ports': '\u200e1', 'Number of HDMI Ports': '\u200e1', 'Rear Webcam Resolution': '\u200e2 MP', 'Hardware Platform': '\u200ePC', 'Operating System': '\u200eWindows 11 Home', 'Are Batteries Included': '\u200eYes', 'Lithium Battery Energy Content': '\u200e38 Watt Hours', 'Number of Lithium Ion Cells': '\u200e3', 'Included Components': '\u200e1 adapter, 1 keyboard protection cover, 1 laptop, 1 user manual, 1 warranty card', 'Country of Origin': '\u200eIndia', 'Item Weight': '\u200e1 kg 300 g'}"
"acer Aspire Lite, AMD Ryzen 3-7330U, 16GB RAM, 512GB SSD, Full HD IPS, 15.6""/39.62 cm, Windows 11 Home, Steel Gray, 1.6 KG, AL15-41, Metal Body, Premium Thin and Light Laptop",3.9,"(2,071)","24,490.",400+ boughtin past month,-38%,"₹30,990","{'Brand': 'acer', 'Model Name': 'Aspire Lite', 'Screen Size': '15.6 Inches', 'Colour': 'Steel Gray', 'Hard Disk Size': '512 GB', 'CPU Model': 'Ryzen 3', 'RAM Memory Installed Size': '16 GB', 'Operating System': 'Windows 11 Home', 'Special Feature': 'Lightweight', 'Graphics Card Description': 'Integrated'}",acer,Aspire Lite,15.6 Inches,Steel Gray,512 GB,Ryzen 3,16 GB,Windows 11 Home,Lightweight,Integrated,"About this itemProcessor: AMD Ryzen 3 7330U processor with AMD Radeon GraphicsVisibly Stunning: 15.6"" Full HD TN 1920 x 1080, high-brightness TFT LCD : 16:9 aspect ratio, Ultra-slim design ,Mercury free, environment friendlyInternal Specifications: RAM - Dual channel DDR4, 2 SODIMM sockets, 16 GB of DDR4 Memory Upgradable up to 32GB, DDR4 3200 MHz; Storage : 1TB, PCIe Gen3 8 Gb/s up to 4 lanes, NVMe Upgradable up to 1 TBPorts: 2 x USB 2.0 (Type A), 1 x USB 3.2 Gen 1 (Type A), 1 x USB 3.2 Gen 2 (Type C)Keyboard: 100-/101-/104-key keyboard with independent numeric keypad, international language support›See more product details","{'Brand': '\u200eacer', 'Manufacturer': '\u200eAcer', 'Series': '\u200eAspire Lite', 'Colour': '\u200eSteel Gray', 'Form Factor': '\u200eUltra-Portable', 'Item Height': '\u200e49.2 Centimeters', 'Item Width': '\u200e33.5 Centimeters', 'Standing screen display size': '\u200e15.6 Inches', 'Screen Resolution': '\u200e1920 x 1080 pixels', 'Resolution': '\u200e1920 x 1080 Pixels', 'Product Dimensions': '\u200e9.1 x 33.5 x 49.2 cm; 1.6 kg', 'Batteries': '\u200e1 AA batteries required. (included)', 'Item model number': '\u200eAL15-41', 'Processor Brand': '\u200eAMD', 'Processor Type': '\u200eRyzen 3', 'Processor Speed': '\u200e2.3 GHz', 'Processor Count': '\u200e1', 'RAM Size': '\u200e16 GB', 'Memory Technology': '\u200eDDR4', 'Computer Memory Type': '\u200eDDR4 SDRAM', 'Maximum Memory Supported': '\u200e32 GB', 'Hard Drive Size': '\u200e512 GB', 'Hard Disk Description': '\u200eSSD', 'Hard Drive Interface': '\u200eSolid State', 'Audio Details': '\u200eSpeakers', 'Graphics Coprocessor': '\u200eAMD Radeon R3', 'Graphics Chipset Brand': '\u200eAMD', 'Graphics Card Description': '\u200eIntegrated', 'Graphics RAM Type': '\u200eSDRAM', 'Graphics Card Interface': '\u200eIntegrated', 'Connectivity Type': '\u200eWi-Fi', 'Wireless Type': '\u200eBluetooth', 'Number of USB 2.0 Ports': '\u200e2', 'Number of USB 3.0 Ports': '\u200e2', 'Number of HDMI Ports': '\u200e1', 'Wattage': '\u200e65 Watts', 'Operating System': '\u200eWindows 11 Home', 'Average Battery Life (in hours)': '\u200e7 Hours', 'Are Batteries Included': '\u200eYes', 'Lithium Battery Energy Content': '\u200e36 Watt Hours', 'Lithium Battery Weight': '\u200e0.5 Grams', 'Number of Lithium Ion Cells': '\u200e3', 'Number of Lithium Metal Cells': '\u200e3', 'Included Components': '\u200e\u200e1U (contains Laptop 1N, Power cord 1N, Adapter 1N, User Manual 1N)', 'Country of Origin': '\u200eChina', 'Item Weight': '\u200e1 kg 600 g'}"
"ASUS Gaming V16 (2025) 14th Gen,Intel Core 7 240H Gaming Laptop (RTX 4050-6GB/16GB RAM/512GB SSD/Windows 11 Home/16/144Hz/M365*/Office Home 2024, Matte Black,1.95 Kg),V3607VU-RP275WS",4.0,(48),"99,990.",50+ boughtin past month,-17%,"₹94,990","{'Brand': 'ASUS', 'Model Name': 'ASUS Vivobook 16', 'Screen Size': '16 Inches', 'Colour': 'Black | Core 7 240H', 'Hard Disk Size': '512 GB', 'CPU Model': 'Intel Core 7', 'RAM Memory Installed Size': '16 GB', 'Operating System': 'Windows 11 Home', 'Special Feature': 'Anti-glare display, Backlit Keyboard, Precision touchpad', 'Graphics Card Description': 'Integrated'}",ASUS,ASUS Vivobook 16,16 Inches,Black | Core 7 240H,512 GB,Intel Core 7,16 GB,Windows 11 Home,"Anti-glare display, Backlit Keyboard, Precision touchpad",Integrated,"About this itemProcessor : Intel Core 7 Processor 240H 2.5 GHz (24MB Cache, up to 5.2 GHz, 10 cores, 16 Threads)Display : FHD+ (1920 x 1200) 16:10 aspect ratio, 144Hz refresh rate, 300nits Brightness| Keyboard : Backlit Chiclet Keyboard with Num-keyGraphics : NVIDIA GeForce RTX 4050 Laptop GPU (194 AI TOPs)【Software : Microsoft 365 Basic with 100GB Cloud Storage for 1 Year + Office Home 2024 with lifetime validity | Operating System : Windows 11 Home】Memory : 16GB DDR5 RAM| Storage : 512GB M.2 NVMe PCIe 4.0 SSD›See more product details","{'Brand': '\u200eASUS', 'Manufacturer': '\u200eASUS', 'Series': '\u200eASUS Vivobook 16', 'Colour': '\u200eBlack | Core 7 240H', 'Form Factor': '\u200egaming', 'Standing screen display size': '\u200e16 Inches', 'Screen Resolution': '\u200e1920 x 1200 pixels', 'Resolution': '\u200e1920 x 1200 Pixels', 'Package Dimensions': '\u200e49 x 37.7 x 6.5 cm; 1.95 kg', 'Batteries': '\u200e1 P76 batteries required. (included)', 'Item model number': '\u200eV3607VU-RP275WS', 'Processor Brand': '\u200eIntel', 'Processor Type': '\u200eIntel Core 7', 'Processor Speed': '\u200e2.5 GHz', 'Processor Count': '\u200e10', 'Memory Technology': '\u200eDDR5', 'Computer Memory Type': '\u200eDDR5 RAM', 'Maximum Memory Supported': '\u200e16 GB', 'Hard Drive Size': '\u200e512 GB', 'Hard Disk Description': '\u200eSSD', 'Hard Drive Interface': '\u200eUSB', 'Graphics Coprocessor': '\u200eNVIDIA GeForce RTX 4050', 'Graphics Chipset Brand': '\u200eIntel', 'Graphics Card Description': '\u200eIntegrated', 'Graphics RAM Type': '\u200eGDDR6', 'Graphics Card Ram Size': '\u200e6 GB', 'Graphics Card Interface': '\u200eIntegrated', 'Connectivity Type': '\u200eWi-Fi', 'Wireless Type': '\u200eBluetooth', 'Number of HDMI Ports': '\u200e1', 'Wattage': '\u200e45.00', 'Optical Drive Type': '\u200eNo Optical Storage', 'Operating System': '\u200eWindows 11 Home', 'Are Batteries Included': '\u200eYes', 'Lithium Battery Energy Content': '\u200e63 Watt Hours', 'Number of Lithium Ion Cells': '\u200e3', 'Included Components': '\u200eLaptop, Power Adaptor, User Guide, Warranty Documents', 'Country of Origin': '\u200eChina', 'Item Weight': '\u200e1 kg 950 g'}"
"ASUS TUF Gaming A15, AMD Ryzen 7 7435HS Gaming Laptop(NVIDIA RTX 3050-4GB/60W TGP/16GB RAM/512GB SSD/FHD/15.6""/144Hz/RGB KB/48WHr/Windows 11//Graphite Black/2.30 Kg) FA506NCR-HN054W",4.2,(614),"71,800.",100+ boughtin past month,-19%,"₹67,990","{'Brand': 'ASUS', 'Model Name': 'TUF Gaming F15', 'Screen Size': '15.6 Inches', 'Colour': 'Black, R7 | RTX 3050', 'Hard Disk Size': '512 GB', 'CPU Model': 'AMD Ryzen 7', 'RAM Memory Installed Size': '16 GB', 'Operating System': 'Windows 11 Home', 'Special Feature': 'Anti-glare display', 'Graphics Card Description': 'Dedicated'}",ASUS,TUF Gaming F15,15.6 Inches,"Black, R7 | RTX 3050",512 GB,AMD Ryzen 7,16 GB,Windows 11 Home,Anti-glare display,Dedicated,"About this itemProcessor, Memory & Storage : AMD Ryzen 7 7435HS Mobile Processor 3.1GHz (20MB Cache, up to 4.5 GHz, 8 cores, 16 Threads) | Memory : 16GB DDR5-4800 SO-DIMM | Storage : 512GB PCIe 4.0 NVMe M.2 SSDOperating System & Software : Windows 11 Home | 1-month trial for new Microsoft 365 customers. Credit card required | Xbox Game Pass for PC_3 monthsDisplay & Graphics : 15.6-inch (39.6 cm), FHD (1920 x 1080) 16:9, 144Hz Refresh Rate, 250nits Brightness, Anti-glare display, 62.5% SRGB | Graphics : NVIDIA GeForce RTX 3050 Laptop GPU (4GB GDDR6 dedicated )Ports & Connectivity : 1x RJ45 LAN port, 1x USB 3.2 Gen 2 Type-C with support for DisplayPort (data speed up to 10Gbps), 3x USB 3.2 Gen 1 Type-A (data speed up to 5Gbps), 1x HDMI 2.1 TMDS, 1x 3.5mm Combo Audio JackOther Features : 720P HD camera, AI noise-canceling technology, 2-speaker system, Built-in array microphone, DTS Audio Processing | Keyboard : Backlit Chiclet Keyboard 1-Zone RGB | Battery : 48WHrs, 3S1P, 3-cell Li-ion, Recharge from 0-50% in 30 minutes›See more product details","{'Brand': '\u200eASUS', 'Manufacturer': '\u200eASUS', 'Series': '\u200eTUF Gaming F15', 'Colour': '\u200eBlack, R7 | RTX 3050', 'Form Factor': '\u200eUltra-Portable', 'Item Height': '\u200e43.2 Centimeters', 'Item Width': '\u200e31 Centimeters', 'Standing screen display size': '\u200e15.6 Inches', 'Screen Resolution': '\u200e1920 x 1080 pixels', 'Resolution': '\u200e1920 x 1080 Pixels', 'Product Dimensions': '\u200e10.4 x 31 x 43.2 cm; 2.3 kg', 'Batteries': '\u200e1 Lithium Ion batteries required. (included)', 'Item model number': '\u200eFA506NCR-HN054W', 'Processor Brand': '\u200eAMD', 'Processor Type': '\u200eAMD Ryzen 7', 'Processor Speed': '\u200e3.1 GHz', 'Processor Count': '\u200e8', 'RAM Size': '\u200e16', 'Memory Technology': '\u200eDDR5', 'Computer Memory Type': '\u200eDDR5 RAM', 'Maximum Memory Supported': '\u200e32 GB', 'Hard Drive Size': '\u200e512 GB', 'Hard Disk Description': '\u200eSSD', 'Hard Drive Interface': '\u200eUSB', 'Audio Details': '\u200eHeadphones', 'Speaker Description': '\u200eDTS Software', 'Graphics Coprocessor': '\u200eNVIDIA GeForce RTX 3050', 'Graphics Chipset Brand': '\u200eNVIDIA', 'Graphics Card Description': '\u200eDedicated', 'Graphics RAM Type': '\u200eGDDR6', 'Graphics Card Ram Size': '\u200e4 GB', 'Graphics Card Interface': '\u200ePCI Express', 'Connectivity Type': '\u200eWi-Fi', 'Wireless Type': '\u200e802.11bgn, Bluetooth', 'Number of HDMI Ports': '\u200e1', 'Voltage': '\u200e240 Volts', 'Optical Drive Type': '\u200eNo Optical Storage', 'Operating System': '\u200eWindows 11 Home', 'Average Battery Life (in hours)': '\u200e3 Hours', 'Are Batteries Included': '\u200eYes', 'Lithium Battery Energy Content': '\u200e48 Watt Hours', 'Number of Lithium Ion Cells': '\u200e3', 'Included Components': '\u200eLaptop, Adapter & User Manuals', 'Country of Origin': '\u200eChina', 'Item Weight': '\u200e2 kg 300 g'}"
"HP 14s Intel Celeron Dual Core N4500 Laptop (8GB/512GB SSD/Win 11) 14.0"" HD Display, MSO 24, Black, 1.46kg, DQ3149TU Thin and Light Business Laptop",4.1,(10),"36,990.",200+ boughtin past month,-13%,"₹26,490","{'Brand': 'HP', 'Model Name': 'DQ3149TU', 'Screen Size': '14 Inches', 'Colour': 'Black', 'Hard Disk Size': '512 GB', 'CPU Model': 'Celeron', 'RAM Memory Installed Size': '8 GB', 'Operating System': 'Windows 11 Home', 'Special Feature': 'Anti Glare Coating, Lightweight', 'Graphics Card Description': 'Integrated'}",HP,DQ3149TU,14 Inches,Black,512 GB,Celeron,8 GB,Windows 11 Home,"Anti Glare Coating, Lightweight",Integrated,"About this itemProcessor - Intel Celeron N4500 (up to 2.8 GHz burst frequency, 4 MB L3 cache, 2 cores, 2 threads) ; Memory - 8GB DDR4-2933 MT/s (1 x 8 GB); Storage -512 GB PCIe NVMe M.2 SSDDisplay and Graphics - 35.6 cm (14"") diagonal, HD (1366 x 768), micro-edge, anti-glare, 250 nits,45% NTSC ; Graphics -Intel UHD GraphicsOperating System & Preinstalled Software: Windows 11 Home Single Language| MS Office Home 2024 India + MISC PC Game Pass DA 3M| 1 year Microsoft 365 Basic FreePorts - 1 USB Type-C 5Gbps signaling rate (supports data transfer only and does not support charging or external monitors); 2 USB Type-A 5Gbps signaling rate; 1 AC smart pin; 1 HDMI 1.4b; 1 headphone/microphone combo|Other Features: Camera : HP True Vision 720p HD camera with integrated dual array digital microphones|Audio: Dual speaker| Battery: 3-cell, 41 Wh Li-ion; Support battery fast charge|Keyboard : Full-size, jet black keyboard›See more product details","{'Brand': '\u200eHP', 'Manufacturer': '\u200eHP', 'Series': '\u200eDQ3149TU', 'Colour': '\u200eBlack', 'Form Factor': '\u200eClamshell', 'Standing screen display size': '\u200e14 Inches', 'Screen Resolution': '\u200e1366 x 768 pixels', 'Resolution': '\u200e1366 x 768 Pixels', 'Package Dimensions': '\u200e48.4 x 30.6 x 6.9 cm; 1.46 kg', 'Batteries': '\u200e1 Lithium Polymer batteries required. (included)', 'Item model number': '\u200e14s-dq3149TU', 'Processor Brand': '\u200eIntel', 'Processor Type': '\u200eCeleron', 'Processor Speed': '\u200e2.8 GHz', 'Processor Count': '\u200e1', 'Memory Technology': '\u200eDDR4', 'Computer Memory Type': '\u200eDDR4 SDRAM', 'Maximum Memory Supported': '\u200e8 GB', 'Hard Drive Size': '\u200e512 GB', 'Hard Disk Description': '\u200eSSD', 'Hard Drive Interface': '\u200eUSB', 'Speaker Description': '\u200eDual Speakers', 'Graphics Coprocessor': '\u200eIntel UHD Graphics', 'Graphics Chipset Brand': '\u200eIntel', 'Graphics Card Description': '\u200eIntegrated', 'Graphics RAM Type': '\u200eDDR4 SDRAM', 'Graphics Card Interface': '\u200eIntegrated', 'Connectivity Type': '\u200eWi-Fi', 'Wireless Type': '\u200eBluetooth', 'Number of USB 2.0 Ports': '\u200e2', 'Number of USB 3.0 Ports': '\u200e1', 'Number of HDMI Ports': '\u200e1', 'Operating System': '\u200eWindows 11 Home', 'Average Battery Life (in hours)': '\u200e5 Hours', 'Are Batteries Included': '\u200eYes', 'Lithium Battery Energy Content': '\u200e41 Watt Hours', 'Number of Lithium Ion Cells': '\u200e3', 'Included Components': '\u200eLaptop, charger', 'Item Weight': '\u200e1 kg 460 g'}"
"HP Victus, 13th Gen Intel Core i7-13620H, 8GB RTX 5060, 24GB DDR5(Upgradeable) 1TB SSD, 144Hz, 300nits, IPS, FHD, 15.6""/39.6cm, Win11, M365* Office 24, Mica Silver, 2.29Kg, fa2308TX, RGB Laptop",3.6,(5),"1,03,990.",50+ boughtin past month,-18%,"₹1,10,990","{'Brand': 'HP', 'Model Name': 'HP Gaming Laptop', 'Screen Size': '39.6 Centimetres', 'Colour': 'Mica Silver', 'Hard Disk Size': '1 TB', 'CPU Model': 'Core i7', 'RAM Memory Installed Size': '24 GB', 'Operating System': 'Windows 11 Home', 'Special Feature': 'Anti Glare Coating, RGB Backlit', 'Graphics Card Description': 'Dedicated'}",HP,HP Gaming Laptop,39.6 Centimetres,Mica Silver,1 TB,Core i7,24 GB,Windows 11 Home,"Anti Glare Coating, RGB Backlit",Dedicated,"About this itemProcessor, Memory & Storage: Intel Core i7-13620H (up to 4.9 GHz with Intel Turbo Boost Technology, 24 MB L3 cache, 10 cores, 16 threads)| Memory: 24 GB DDR5-5600 MT/s (1 x 24 GB)| Storage: 1 TB PCIe Gen4 NVMe M.2 SSDOperating System & Preinstalled Software: Windows 11 Home | MS Office Home 2024 + MISC PC Game Pass DA 3M| 1 year Microsoft 365 Basic FreeDisplay & Graphics: 39.6 cm (15.6"") diagonal, FHD (1920 x 1080), 144 Hz, IPS, micro-edge, anti-glare, 300 nits, 62.5% sRGB| Graphics: NVIDIA GeForce RTX 5060 Laptop GPU (8 GB GDDR7 dedicated)Ports & Connectivity : 1 USB Type-A 5Gbps signaling rate (HP Sleep and Charge); 1 USB Type-A 5Gbps signaling rate; 1 AC smart pin; 1 HDMI-out 2.1; 1headphone/microphone combo; 1 RJ-45; 1 USB Type-C 5Gbps signaling rate (USB Power Delivery 3.1, DisplayPort 1.4a, HP Sleep and Charge)| Wireless: Realtek Wi-Fi 6 (2x2) and Bluetooth 5.4 wireless cardOther Features: Camera:HP Wide Vision 720p HD camera with temporal noise reduction and integrated dual array digital microphones Keyboard:Full-size, 1-zone RGB backlit, moonstone grey keyboard with numeric keypad| Audio:DTS:X Ultra;Dual speakers;HP Audio Boost; |Battery type: 4-cell, 70 Wh Li-ion polymer; Supports battery fast charge: approximately 50% in 30 minutes| Power supply type: 200 W AC power adapter›See more product details","{'Brand': '\u200eHP', 'Manufacturer': '\u200eHP', 'Series': '\u200eHP Gaming Laptop', 'Colour': '\u200eMica Silver', 'Form Factor': '\u200eLaptop', 'Standing screen display size': '\u200e39.6 Centimetres', 'Screen Resolution': '\u200e1920 x 1080 pixels', 'Resolution': '\u200e1920 x 1080 Pixels', 'Package Dimensions': '\u200e55.2 x 31.2 x 7 cm; 2.29 kg', 'Batteries': '\u200e1 Lithium Polymer batteries required. (included)', 'Item model number': '\u200eC25MRPA', 'Processor Brand': '\u200eIntel', 'Processor Type': '\u200eCore i7', 'Processor Speed': '\u200e4.9 GHz', 'Processor Count': '\u200e1', 'Memory Technology': '\u200eDDR5', 'Computer Memory Type': '\u200eDDR5 RAM', 'Maximum Memory Supported': '\u200e24 GB', 'Hard Drive Size': '\u200e1 TB', 'Hard Disk Description': '\u200eSSD', 'Graphics Coprocessor': '\u200eNVIDIA GeForce RTX 5060 8 GB', 'Graphics Chipset Brand': '\u200eNVIDIA', 'Graphics Card Description': '\u200eDedicated', 'Graphics RAM Type': '\u200eVRAM', 'Graphics Card Ram Size': '\u200e8 GB', 'Graphics Card Interface': '\u200ePCI Express', 'Wireless Type': '\u200eBluetooth', 'Number of USB 2.0 Ports': '\u200e2', 'Number of USB 3.0 Ports': '\u200e1', 'Operating System': '\u200eWindows 11 Home', 'Are Batteries Included': '\u200eYes', 'Lithium Battery Energy Content': '\u200e70 Watt Hours', 'Number of Lithium Ion Cells': '\u200e4', 'Included Components': '\u200eLaptop, Charger, User Manual', 'Country of Origin': '\u200eIndia', 'Item Weight': '\u200e2 kg 290 g'}"
"HP 15, 13th Gen Intel Core i5-1334U (16GB DDR4, 1TB SSD) FHD, Anti-Glare, Micro-Edge, 15.6''/39.6cm, Win11, M365(1yr)* Office24, Silver, 1.59kg, FD0552TU, Iris Xe, FHD Camera w/Shutter, Backlit Laptop",3.9,(766),"58,490.",200+ boughtin past month,-26%,"₹56,990","{'Brand': 'HP', 'Model Name': 'HP Laptop', 'Screen Size': '39.6 Centimetres', 'Colour': 'Silver', 'Hard Disk Size': '1 TB', 'CPU Model': 'Core i5', 'RAM Memory Installed Size': '16 GB', 'Operating System': 'Windows 11 Home', 'Special Feature': 'Anti Glare Coating, Backlit Keyboard', 'Graphics Card Description': 'Integrated'}",HP,HP Laptop,39.6 Centimetres,Silver,1 TB,Core i5,16 GB,Windows 11 Home,"Anti Glare Coating, Backlit Keyboard",Integrated,"About this itemProcessor, Memory & Storage: Intel Core i5-1334U (up to 4.6 GHz with Intel Turbo Boost Technology, 12 MB L3 cache, 10 cores, 12 threads)| Memory: 16 GB DDR4-3200 MT/s (2 x 8 GB) | Storage: 1 TB PCIe Gen4 NVMe M.2 SSDOperating System & Preinstalled Software: Windows 11 Home Single Language | MS Office Home 2024 |1 year Microsoft 365 Basic Free|Display & Graphics: 39.6 cm (15.6"") diagonal, FHD (1920 x 1080), micro-edge, anti-glare, 250 nits, 45% NTSC| Graphics:Intel Iris XeGraphicsPorts & Connectivity : 1 USB Type-C 5Gbps signaling rate (supports data transfer only and does not support charging or external monitors); 2 USB Type-A 5Gbps signaling rate; 1 AC smart pin; 1 HDMI 1.4b; 1 headphone/microphone combo| Connectivity: Realtek Wi-Fi 6 (1x1) and Bluetooth 5.3 wireless cardOther Features: Camera: HP True Vision 1080p FHD camera with temporal noise reduction and Integrated dual array digital microphones| Keyboard:Full-size, backlit, soft grey keyboard with numeric keypad| Audio: Dual speakers|Battery type: 3-cell, 41 Wh Li-ion polymer; Supports battery fast charge: approximately 50% in 45 minutes›See more product details","{'Brand': '\u200eHP', 'Manufacturer': '\u200eHP', 'Series': '\u200eHP Laptop', 'Colour': '\u200eSilver', 'Form Factor': '\u200eNetbook', 'Standing screen display size': '\u200e39.6 Centimetres', 'Screen Resolution': '\u200e1920 x 1080 pixels', 'Resolution': '\u200e1920 x 1080 Pixels', 'Package Dimensions': '\u200e52 x 30.8 x 7.1 cm; 1.59 kg', 'Batteries': '\u200e1 Lithium Ion batteries required. (included)', 'Item model number': '\u200eFD0552TU', 'Processor Brand': '\u200eIntel', 'Processor Type': '\u200eCore i5', 'Processor Speed': '\u200e4.6 GHz', 'Processor Count': '\u200e1', 'Memory Technology': '\u200eDDR4', 'Computer Memory Type': '\u200eDDR4 SDRAM', 'Maximum Memory Supported': '\u200e16 GB', 'Hard Drive Size': '\u200e1 TB', 'Hard Disk Description': '\u200eSSD', 'Hard Drive Interface': '\u200eUSB', 'Speaker Description': '\u200eDual speakers', 'Graphics Coprocessor': '\u200eIntel Iris Xe Graphics', 'Graphics Chipset Brand': '\u200eIntel', 'Graphics Card Description': '\u200eIntegrated', 'Graphics RAM Type': '\u200eVRAM', 'Graphics Card Interface': '\u200eIntegrated', 'Connectivity Type': '\u200eWi-Fi', 'Wireless Type': '\u200eBluetooth', 'Number of USB 2.0 Ports': '\u200e2', 'Number of USB 3.0 Ports': '\u200e1', 'Number of HDMI Ports': '\u200e1', 'Optical Drive Type': '\u200eNo', 'Operating System': '\u200eWindows 11 Home', 'Average Battery Life (in hours)': '\u200e465 Minutes', 'Are Batteries Included': '\u200eYes', 'Lithium Battery Energy Content': '\u200e41 Watt Hours', 'Number of Lithium Ion Cells': '\u200e3', 'Included Components': '\u200eLaptop, Power Adapter, User manual', 'Country of Origin': '\u200eChina', 'Item Weight': '\u200e1 kg 590 g'}"
"acer [SmartChoice Aspire 3 Laptop Intel Core Celeron N4500 Processor Laptop (8 GB LPDDR4X SDRAM/512 GB SSD/Win11 Home/38 WHR/HD Webcam) A325-45 with 39.63 cm (15.6"") HD Display, Pure Silver, 1.5 KG",3.4,(818),"26,980.",200+ boughtin past month,-28%,"₹24,490","{'Brand': 'acer', 'Model Name': 'Aspire 3', 'Screen Size': '15.6 Inches', 'Colour': 'Silver', 'Hard Disk Size': '512 GB', 'CPU Model': 'Others', 'RAM Memory Installed Size': '8 GB', 'Operating System': 'Windows 11 Home', 'Special Feature': 'Thin', 'Graphics Card Description': 'Integrated'}",acer,Aspire 3,15.6 Inches,Silver,512 GB,Others,8 GB,Windows 11 Home,Thin,Integrated,"About this itemProcessor : Whether you're at home, school, or work, get all the performance you need with the latest Intel Celeron N4500 Processor @ 1.10GHz ( 2 Cores, 4M Cache, up to 2.80 GHz); maintaining order and keeping your apps running consistently and smoothly.Performance : 8GB LPDDR4X RAM for full-power multitasking; 512GB SSD; Thisthin and light laptop offers a good experience for watching videos, browsing the web, remote work, or study from home.Display : 15.6-inch HD 1366 x 768 resolution display keeps images and videos stunning while the narrow border offers-up more viewable space. To protect user’s eyes from harmful blue light, it also includes Acer BlueLightShield.Wireless Connectivity : Dual band Wi-Fi 5 (802.11ac) provides fast internet access. For enhanced video calls this laptop also includes and optimized camera and microphones.Plenty of Ports : Flexible connectivity options through USB 3.0 ports. Users can also connect an external display through the HDMI port.›See more product details","{'Brand': '\u200eacer', 'Manufacturer': '\u200eAcer', 'Series': '\u200eAspire 3', 'Colour': '\u200eSilver', 'Form Factor': '\u200eUltra-Portable', 'Item Height': '\u200e43.9 Centimeters', 'Item Width': '\u200e27.5 Centimeters', 'Standing screen display size': '\u200e15.6 Inches', 'Screen Resolution': '\u200e1366 x 768 pixels', 'Resolution': '\u200e1366 x 768 Pixels', 'Product Dimensions': '\u200e7.4 x 27.5 x 43.9 cm; 2.15 kg', 'Batteries': '\u200e1 Lithium Ion batteries required. (included)', 'Item model number': '\u200eA325-45', 'Processor Brand': '\u200eIntel', 'Processor Type': '\u200eOthers', 'Processor Speed': '\u200e1.1 GHz', 'Processor Count': '\u200e1', 'Memory Technology': '\u200eLPDDR4X', 'Computer Memory Type': '\u200eSDRAM', 'Maximum Memory Supported': '\u200e8 GB', 'Hard Drive Size': '\u200e512 GB', 'Hard Disk Description': '\u200eSSD', 'Hard Drive Interface': '\u200eEthernet', 'Audio Details': '\u200eSpeakers', 'Graphics Coprocessor': '\u200eâ€ŽIntel Celeron N4500', 'Graphics Chipset Brand': '\u200eIntel', 'Graphics Card Description': '\u200eIntegrated', 'Graphics RAM Type': '\u200eSDRAM', 'Graphics Card Interface': '\u200eIntegrated', 'Connectivity Type': '\u200eWi-Fi', 'Wireless Type': '\u200eBluetooth', 'Number of USB 2.0 Ports': '\u200e1', 'Number of USB 3.0 Ports': '\u200e1', 'Number of HDMI Ports': '\u200e1', 'Operating System': '\u200eWindows 11 Home', 'Are Batteries Included': '\u200eYes', 'Lithium Battery Energy Content': '\u200e38 Watt Hours', 'Number of Lithium Ion Cells': '\u200e2', 'Number of Lithium Metal Cells': '\u200e2', 'Included Components': '\u200e1U (contains Laptop 1N, Power cord 1N, Adapter 1N, User Manual 1N)', 'Country of Origin': '\u200eIndia', 'Item Weight': '\u200e2 kg 150 g'}"
"Lenovo V14 Intel Core i3 13th Gen 14"" FHD (1920x1080) Antiglare 250 Nits Thin and Light Laptop (8GB RAM/512GB SSD/Windows 11 Home/Office Home 2024/Iron Grey/1.43 kg), 83A0A0PBIN",3.8,(56),"41,890.",50+ boughtin past month,-47%,"₹35,990","{'Brand': 'Lenovo', 'Model Name': 'Lenovo V14', 'Screen Size': '14 Inches', 'Colour': 'Iron Grey', 'Hard Disk Size': '512 GB', 'CPU Model': 'Core i3', 'RAM Memory Installed Size': '8 GB', 'Operating System': 'Windows 11 Home', 'Special Feature': 'Anti Glare Coating, HD Audio, Lightweight, Spill Resistant', 'Graphics Card Description': 'Integrated'}",Lenovo,Lenovo V14,14 Inches,Iron Grey,512 GB,Core i3,8 GB,Windows 11 Home,"Anti Glare Coating, HD Audio, Lightweight, Spill Resistant",Integrated,"About this itemProcessor: 13th Gen Intel Core I3-1315U processor | 6 Cores | 8 Threads | Speed Upto 4.5 Ghz | 10MB Cache | Memory: 8GB DDR4 RAM 3200 MHz, dual-channel capable upgradable up to 16GB | Storage: 512GB SSD M.2Operating System: Preloaded Windows 11 Home SL with Lifetime Validity | Pre-installed software: Microsoft Office Home 2024Display: 14"" screen with (1920x1080) FHD Antiglare, 250nits display | Graphics: Integrated Intel UHD Graphics comes with DirectX 12.1 enables amazing graphics| Monitor Supports: Up to 3 independent displaysPorts: 1x USB 2.0 | 1x USB 3.2 Gen 1 | 1x USB-C 3.2 Gen 1 (support data transfer, Power Delivery (20V only) and DisplayPort 1.2) | 1x HDMI 1.4b | 1x Headphone / microphone combo jack (3.5mm) | 1x Ethernet (RJ-45) | 1x Power connectorKeyboard: 6-row, spill-resistant, multimedia Fn keys, key travel 1.3mm, SMB Service Hot key | Touchpad: Buttonless Mylar surface multi-touch touchpad, supports Precision TouchPad›See more product details","{'Brand': '\u200eLenovo', 'Manufacturer': '\u200eLenovo', 'Series': '\u200eLenovo V14', 'Colour': '\u200eIron Grey', 'Form Factor': '\u200eClamshell', 'Standing screen display size': '\u200e14 Inches', 'Screen Resolution': '\u200e1920 x 1080 pixels', 'Resolution': '\u200e1920 x 1080 Pixels', 'Package Dimensions': '\u200e46.5 x 29.8 x 7.4 cm; 1.43 kg', 'Batteries': '\u200e1 AAA batteries required. (included)', 'Item model number': '\u200e83A0A0PBIN', 'Processor Brand': '\u200eIntel', 'Processor Type': '\u200eCore i3', 'Processor Speed': '\u200e1.2 GHz', 'Processor Count': '\u200e1', 'Memory Technology': '\u200eDDR4', 'Computer Memory Type': '\u200eDDR4 SDRAM', 'Maximum Memory Supported': '\u200e16 GB', 'Hard Drive Size': '\u200e512 GB', 'Hard Disk Description': '\u200eSSD', 'Audio Details': '\u200eHeadphones, Speakers', 'Speaker Description': '\u200eStereo Speakers', 'Graphics Chipset Brand': '\u200eIntel', 'Graphics Card Description': '\u200eIntegrated', 'Graphics RAM Type': '\u200eShared', 'Graphics Card Interface': '\u200eIntegrated', 'Connectivity Type': '\u200eBluetooth, Wi-Fi', 'Wireless Type': '\u200e802.11ax, Bluetooth', 'Number of USB 2.0 Ports': '\u200e1', 'Number of HDMI Ports': '\u200e1', 'Number of Ethernet Ports': '\u200e1', 'Optical Drive Type': '\u200eNo Optical Drive', 'Operating System': '\u200eWindows 11 Home', 'Are Batteries Included': '\u200eYes', 'Lithium Battery Energy Content': '\u200e38 Watt Hours', 'Number of Lithium Ion Cells': '\u200e2', 'Included Components': '\u200eLaptop, User manual, Adapter', 'Country of Origin': '\u200eIndia', 'Item Weight': '\u200e1 kg 430 g'}"
"Lenovo ThinkBook 16, AMD Ryzen 7 7735HS, 16GB RAM, 512GB SSD, WUXGA IPS 16"", Windows 11 Home, 1.7kg, 21MWA0AUIN, Backlit Keyboard, Fingerprint, 300 Nits, 1Y Warranty, Aluminium Top Laptop",3.5,(70),"49,990.",200+ boughtin past month,-43%,"₹52,990","{'Brand': 'Lenovo', 'Model Name': 'ThinkBook 16', 'Screen Size': '16 Inches', 'Colour': 'R7 7735HS', 'Hard Disk Size': '512 GB', 'CPU Model': 'Ryzen 7', 'RAM Memory Installed Size': '16 GB', 'Operating System': 'Windows 11 Home', 'Special Feature': 'Anti Glare Coating, Backlit Keyboard, Fingerprint Reader, HD Audio, Lightweight', 'Graphics Card Description': 'Integrated'}",Lenovo,ThinkBook 16,16 Inches,R7 7735HS,512 GB,Ryzen 7,16 GB,Windows 11 Home,"Anti Glare Coating, Backlit Keyboard, Fingerprint Reader, HD Audio, Lightweight",Integrated,"About this itemWhy ThinkBook – Commercial Power with Style: Engineered with the same rugged DNA as the iconic Thinkbook, the ThinkBook delivers professional-grade performance in a sleek, modern design — perfect for business users, creators, and anyone who works smart and travels light.Built Tough, Designed to Perform Anywhere: ThinkBook 16 is tested on 12 MIL-STD-810H methods and 22 procedures to handle rough daily use. The aluminium top cover with anodized sandblasting finish adds a premium look while protecting against accidental knocks, drops, and spills — built for business, classrooms, or field work.High-Performance AMD Ryzen 7 Processor: Powered by the AMD Ryzen 7 7735HS with 8 cores, 16MB L3 Cache, 3.2GHz base clock and up to 4.75 GHz boost, this laptop effortlessly handles multitasking, business applications, software tools, and virtual meetings — ideal for working professionals, students, and creators.Fast Memory & Storage – Upgrade Ready: Comes with 16GB DDR5-4800 MHz RAM (dual-channel capable, upgradable up to 64GB) for smooth app switching and multitasking. The 512GB M.2 SSD offers quick boot times, fast file access, and ample storage for documents, media, and work files.Big, Bright & Anti-Glare 16"" IPS Display: Enjoy vivid visuals on a 16"" WUXGA (1920 x 1200) IPS display with 300 Nits brightness, 1000:1 contrast ratio, and anti-glare coating. Perfect for long working hours, content creation, spreadsheets, or streaming in all lighting conditions.›See more product details","{'Brand': '\u200eLenovo', 'Manufacturer': '\u200eLenovo', 'Series': '\u200eThinkBook 16', 'Colour': '\u200eR7 7735HS', 'Form Factor': '\u200eClamshell', 'Standing screen display size': '\u200e16 Inches', 'Screen Resolution': '\u200e1920 x 1200 pixels', 'Resolution': '\u200e1920 x 1200 Pixels', 'Package Dimensions': '\u200e50.4 x 32.5 x 7.3 cm; 1.7 kg', 'Batteries': '\u200e1 AAA batteries required. (included)', 'Item model number': '\u200e21MWA0AUIN', 'Processor Brand': '\u200eAMD', 'Processor Type': '\u200eRyzen 7', 'Processor Speed': '\u200e3.2 GHz', 'Processor Count': '\u200e1', 'Memory Technology': '\u200eDDR5', 'Computer Memory Type': '\u200eDDR5 RAM', 'Maximum Memory Supported': '\u200e64 GB', 'Hard Drive Size': '\u200e512 GB', 'Hard Disk Description': '\u200eSSD', 'Audio Details': '\u200eHeadphones, Speakers', 'Speaker Description': '\u200eStereo Speakers', 'Graphics Chipset Brand': '\u200eAMD', 'Graphics Card Description': '\u200eIntegrated', 'Graphics RAM Type': '\u200eShared', 'Graphics Card Interface': '\u200eIntegrated', 'Connectivity Type': '\u200eBluetooth, Wi-Fi', 'Wireless Type': '\u200eBluetooth', 'Number of HDMI Ports': '\u200e1', 'Number of Ethernet Ports': '\u200e1', 'Optical Drive Type': '\u200eNo Optical Drive', 'Operating System': '\u200eWindows 11 Home', 'Are Batteries Included': '\u200eYes', 'Lithium Battery Energy Content': '\u200e45 Watt Hours', 'Number of Lithium Ion Cells': '\u200e3', 'Included Components': '\u200eLaptop, User manual, Adapter', 'Country of Origin': '\u200eChina', 'Item Weight': '\u200e1 kg 700 g'}"
"ASUS TUF A16 (2025), AMD Ryzen 7 7445HS, Gaming Laptop (RTX 4050-6GB/140W TGP/16GB RAM/1TB SSD/FHD+/16""/144Hz/56Whrs/Windows 11/M365 Basic (1Year)*/Office Home 2024/Mecha Gray/2.2Kg) FA607NUG-RL189WS",4.0,(60),"86,990.",50+ boughtin past month,-13%,"₹99,990","{'Brand': 'ASUS', 'Model Name': 'ASUS TUF Gaming A16', 'Screen Size': '16 Inches', 'Colour': 'Mecha Gray', 'Hard Disk Size': '1 TB', 'CPU Model': 'Ryzen 7', 'RAM Memory Installed Size': '16 GB', 'Operating System': 'Windows 11 Home', 'Special Feature': '144Hz Refresh Rate, 300nits Brightness, Anti-glare display', 'Graphics Card Description': 'Dedicated'}",ASUS,ASUS TUF Gaming A16,16 Inches,Mecha Gray,1 TB,Ryzen 7,16 GB,Windows 11 Home,"144Hz Refresh Rate, 300nits Brightness, Anti-glare display",Dedicated,"About this itemProcessor : AMD Ryzen 7 7445HS Processor 3.2GHz (22MB Cache, up to 4.7GHz, 6 cores, 12 Threads)Display : 16-inch, FHD+ 16:10 (1920 x 1200, WUXGA), 144Hz Refresh Rate, 300nits Brightness, Anti-glare display |Keyboard : Backlit Chiclet Keyboard 1-Zone RGB with Copilot key【Software : Microsoft 365 Basic with 100GB Cloud Storage for 1 Year + Office Home 2024 with lifetime validity | Operating System : Windows 11 Home】Graphics : NVIDIA GeForce RTX 4050 Laptop GPU (194 AI TOPs), 6GB GDDR6 | Graphic Wattage : 2420MHz* at 140W (2370MHz Boost Clock+50MHz OC, 115W+25W Dynamic Boost)Memory : 16GB DDR5 RAM|Storage : 1TB PCIe 4.0 NVMe M.2 SSDI/O Ports : 1x RJ45 LAN port, 1x Type-C USB 4 with support for DisplayPort / power delivery (data speed up to 40Gbps), 1x USB 3.2 Gen 2 Type-C with support for DisplayPort / power delivery / G-SYNC (data speed up to 10Gbps), 2x USB 3.2 Gen 1 Type-A (data speed up to 5Gbps)Camera : 720P HD camera, Battery : 56WHrs, 4S1P, 4-cell Li-ion, Fast charging, Recharge from 0-50% in 30 minutes›See more product details","{'Brand': '\u200eASUS', 'Manufacturer': '\u200eASUS', 'Series': '\u200eASUS TUF Gaming A16', 'Colour': '\u200eMecha Gray', 'Form Factor': '\u200eLaptop', 'Standing screen display size': '\u200e16 Inches', 'Screen Resolution': '\u200e1920 x 1200 pixels', 'Resolution': '\u200e1920 x 1200 Pixels', 'Package Dimensions': '\u200e43.29 x 31.1 x 10.2 cm; 2.2 kg', 'Item model number': '\u200eFA607NUG-RL189WS', 'Processor Brand': '\u200eAMD', 'Processor Type': '\u200eRyzen 7', 'Processor Speed': '\u200e3.2 GHz', 'Processor Count': '\u200e6', 'Memory Technology': '\u200eDDR5', 'Computer Memory Type': '\u200eDDR5 RAM', 'Maximum Memory Supported': '\u200e64 GB', 'Memory Clock Speed': '\u200e5600 MHz', 'Hard Drive Size': '\u200e1 TB', 'Hard Disk Description': '\u200eSSD', 'Graphics Chipset Brand': '\u200eNVIDIA', 'Graphics Card Description': '\u200eDedicated', 'Graphics RAM Type': '\u200eGDDR6', 'Graphics Card Ram Size': '\u200e6 GB', 'Graphics Card Interface': '\u200eIntegrated', 'Wireless Type': '\u200eBluetooth', 'Optical Drive Type': '\u200eNo Optical Storage', 'Operating System': '\u200eWindows 11 Home', 'Are Batteries Included': '\u200eYes', 'Lithium Battery Energy Content': '\u200e56 Watt Hours', 'Number of Lithium Ion Cells': '\u200e4', 'Included Components': '\u200eLaptop, Power Adaptor, User Guide, Warranty Documents', 'Country of Origin': '\u200eChina', 'Item Weight': '\u200e2 kg 200 g'}"
"HP 15, 13th Gen Intel Core i3-1315U (12GB DDR4, 512GB SSD) FHD, Anti-Glare, Micro-Edge, 15.6''/39.6cm, Win11, M365 Basic(1yr)* Office24, Silver, 1.59kg, fd0573TU, FHD Camera w/Shutter Laptop",4.1,(964),"40,990.",500+ boughtin past month,-27%,"₹38,490","{'Brand': 'HP', 'Model Name': 'HP Laptop', 'Screen Size': '39.6 Centimetres', 'Colour': 'Natural Silver', 'Hard Disk Size': '512 GB', 'CPU Model': 'Core i3 Family', 'RAM Memory Installed Size': '12 GB', 'Operating System': 'Windows 11 Home', 'Special Feature': 'Anti Glare Coating', 'Graphics Card Description': 'Integrated'}",HP,HP Laptop,39.6 Centimetres,Natural Silver,512 GB,Core i3 Family,12 GB,Windows 11 Home,Anti Glare Coating,Integrated,"About this itemProcessor, Memory & Storage: Intel Core i3-1315U (up to 4.5 GHz with Intel Turbo Boost Technology 10 MB L3 cache, 6 cores, 8 threads)| Memory: 12 GB DDR4-3200 MT/s (1 x 8 GB)| Storage: 512 GB PCIe Gen4 NVMe M.2 SSDOperating System & Preinstalled Software: Windows 11 Home Single Language | MS Office Home 2024 |1 year Microsoft 365 Basic Free|Display & Graphics: 15.6"" diagonal, FHD (1920 x 1080), micro-edge, anti-glare, 250 nits, 45% NTSC| Graphics: Intel UHD GraphicsPorts & Connectivity :1 USB Type-C 5Gbps signaling rate (supports data transfer only and does not support charging or external monitors); 2 USB Type-A 5Gbps signaling rate; 1 AC smart pin; 1 HDMI 1.4b; 1 headphone/microphone combo| Connectivity: Realtek Wi-Fi 6 (2x2) and Bluetooth 5.3 wireless card (supporting gigabit data rate)Warranty : Post purchase of HP laptop, Register product for warranty and support on Toll free or on HP Support page›See more product details","{'Brand': '\u200eHP', 'Manufacturer': '\u200eHP', 'Series': '\u200eHP Laptop', 'Colour': '\u200eNatural Silver', 'Form Factor': '\u200eNetbook', 'Standing screen display size': '\u200e39.6 Centimetres', 'Screen Resolution': '\u200e1920 x 1080 pixels', 'Resolution': '\u200e1920 x 1080 Pixels', 'Package Dimensions': '\u200e48.4 x 30.7 x 7 cm; 1.59 kg', 'Batteries': '\u200e1 Lithium Ion batteries required. (included)', 'Item model number': '\u200efd0573TU', 'Processor Brand': '\u200eIntel', 'Processor Type': '\u200eCore i3 Family', 'Processor Speed': '\u200e4.5 GHz', 'Processor Count': '\u200e1', 'Memory Technology': '\u200eDDR4', 'Computer Memory Type': '\u200eDDR4 SDRAM', 'Maximum Memory Supported': '\u200e12 GB', 'Hard Drive Size': '\u200e512 GB', 'Hard Disk Description': '\u200eSSD', 'Hard Drive Interface': '\u200eUSB', 'Speaker Description': '\u200eDual speakers', 'Graphics Coprocessor': '\u200eIntel UHD Graphics', 'Graphics Chipset Brand': '\u200eIntel', 'Graphics Card Description': '\u200eIntegrated', 'Graphics RAM Type': '\u200eVRAM', 'Graphics Card Interface': '\u200eIntegrated', 'Connectivity Type': '\u200eWi-Fi', 'Wireless Type': '\u200eBluetooth', 'Number of USB 2.0 Ports': '\u200e2', 'Number of USB 3.0 Ports': '\u200e1', 'Number of HDMI Ports': '\u200e1', 'Optical Drive Type': '\u200eNo', 'Operating System': '\u200eWindows 11 Home', 'Average Battery Life (in hours)': '\u200e7.45 Hours', 'Are Batteries Included': '\u200eYes', 'Lithium Battery Energy Content': '\u200e41 Watt Hours', 'Number of Lithium Ion Cells': '\u200e3', 'Included Components': '\u200eLaptop, Power Adapter, User manual', 'Country of Origin': '\u200eChina', 'Item Weight': '\u200e1 kg 590 g'}"
"Dell 15, AMD Ryzen 5-7530U Processor, 16GB RAM, 512GB SSD, FHD IPS 15.6""/39.62 cm 120Hz Display, Windows 11, MSO'24, Platinum Silver, 1.67kg, Standard Keyboard, 15 Month McAfee, Thin & Light Laptop",4.2,(100),"42,990.",200+ boughtin past month,-24%,"₹42,990","{'Brand': 'Dell', 'Model Name': 'Inspiron', 'Screen Size': '15.6 Inches', 'Colour': 'Silver', 'Hard Disk Size': '512 GB', 'CPU Model': 'Ryzen 5', 'RAM Memory Installed Size': '16 GB', 'Operating System': 'Windows 11 Home', 'Special Feature': 'LED-Backlit', 'Graphics Card Description': 'Integrated'}",Dell,Inspiron,15.6 Inches,Silver,512 GB,Ryzen 5,16 GB,Windows 11 Home,LED-Backlit,Integrated,"About this itemProcessor: AMD Ryzen 5-7530U Series, Speed up to 4.50 GHz (16MB L3 Cache, 6 Cores)RAM & Storage: 16 GB: 2 x 8 GB, DDR4, 3200 MT/s + 512GB SSDDisplay: 15.6"" NT FHD 120Hz WVA IPS AG 250 nit Narrow Border LED-Backlit & Graphics: Radeon GraphicsKeyboard: Standard Keyboard, Warranty- 1 Year Onsite Hardware ServiceSoftware: Pre-Loaded Windows 11 Home with Lifetime Validity | MS Office Home and Student 2024 with lifetime validity| McAfee Multi Device Security 15-month subscription›See more product details","{'Brand': '\u200eDell', 'Manufacturer': '\u200eDell India Pvt. Ltd.', 'Series': '\u200eInspiron', 'Colour': '\u200eSilver', 'Form Factor': '\u200eStandard Laptop', 'Standing screen display size': '\u200e15.6 Inches', 'Screen Resolution': '\u200e1920 x 1080 pixels', 'Resolution': '\u200e1920 x 1080 Pixels', 'Package Dimensions': '\u200e45.9 x 35.5 x 6.9 cm; 1.67 kg', 'Batteries': '\u200e1 12V batteries required. (included)', 'Processor Brand': '\u200eAMD', 'Processor Type': '\u200eRyzen 5', 'Processor Speed': '\u200e4.5 GHz', 'Processor Count': '\u200e1', 'Memory Technology': '\u200eDDR4', 'Computer Memory Type': '\u200eDDR4 SDRAM', 'Maximum Memory Supported': '\u200e16 GB', 'Hard Drive Size': '\u200e512 GB', 'Hard Disk Description': '\u200eSSD', 'Hard Drive Interface': '\u200eUSB', 'Graphics Coprocessor': '\u200eRadeon Graphics', 'Graphics Chipset Brand': '\u200eAMD', 'Graphics Card Description': '\u200eIntegrated', 'Graphics RAM Type': '\u200eDDR4 SDRAM', 'Graphics Card Interface': '\u200eIntegrated', 'Connectivity Type': '\u200eBluetooth', 'Wireless Type': '\u200e802.11ac', 'Number of USB 2.0 Ports': '\u200e1', 'Number of USB 3.0 Ports': '\u200e2', 'Number of HDMI Ports': '\u200e1', 'Operating System': '\u200eWindows 11 Home', 'Average Battery Standby Life (in hours)': '\u200e3 Hours', 'Average Battery Life (in hours)': '\u200e7 Hours', 'Are Batteries Included': '\u200eYes', 'Lithium Battery Energy Content': '\u200e41 Watt Hours', 'Number of Lithium Ion Cells': '\u200e3', 'Included Components': '\u200eLaptop | Power Cable |User Manual', 'Country of Origin': '\u200eChina', 'Item Weight': '\u200e1 kg 670 g'}"
"HP Smartchoice Victus, AMD Ryzen 5 8645HS, 6GB RTX 3050, 31 Tops, 16GB DDR5(Upgradeable) 512GB SSD, 144Hz, 300nits, FHD, 15.6""/39.6cm, Win11, M365* Office24, Blue, 2.3kg, fb3009AX, AI Gaming Laptop",3.8,(347),"65,990.",300+ boughtin past month,-24%,"₹64,990","{'Brand': 'HP', 'Model Name': 'HP Laptop', 'Screen Size': '39.6 Centimetres', 'Colour': 'Blue', 'Hard Disk Size': '512 GB', 'CPU Model': 'Ryzen 5', 'RAM Memory Installed Size': '16 GB', 'Operating System': 'Windows 11 Home', 'Special Feature': 'Anti Glare Coating, Micro Edge Display', 'Graphics Card Description': 'Dedicated'}",HP,HP Laptop,39.6 Centimetres,Blue,512 GB,Ryzen 5,16 GB,Windows 11 Home,"Anti Glare Coating, Micro Edge Display",Dedicated,"About this item【6-core AMD Ryzen 5 8645HS】Experience the power of 12 threads and a 16MB L3 cache, designed for serious gaming and multitasking. Stay cool under pressure with the updated thermals.【6GB NVIDIA GeForce RTX 3050 Laptop GPU】Unlock immersive gaming experiences with dedicated graphics that deliver impressive 3D rendering and data processing for your favorite games.【High-speed memory and storage】16GB DDR5 RAM and 512 GB PCIe Gen4 NVMe TLC M.2 SSD offer lightning-fast data transfer rates for seamless gameplay and quick load times.【Popular games】Play all your favorite games like Counterstrike, Call of Duty, GTA V, Cyberpunk 2077, World of Warcraft, Minecraft, The Witcher 3, God of War 4, FIFA 23, Gotham Knights, and more.【Micro-edge display】Enjoy a captivating visual experience on a 15.6"" FHD display, featuring a rapid 144Hz refresh rate, anti-glare screen, for an unparalleled gaming experience.›See more product details","{'Brand': '\u200eHP', 'Manufacturer': '\u200eHP', 'Series': '\u200eHP Laptop', 'Colour': '\u200eBlue', 'Form Factor': '\u200eLaptop', 'Standing screen display size': '\u200e39.6 Centimetres', 'Screen Resolution': '\u200e1920 x 1080 pixels', 'Resolution': '\u200e1920 x 1080 Pixels', 'Package Dimensions': '\u200e52.2 x 31 x 6.9 cm; 2.29 kg', 'Batteries': '\u200e1 Lithium Ion batteries required. (included)', 'Item model number': '\u200efb3009AX', 'Processor Brand': '\u200eAMD', 'Processor Type': '\u200eRyzen 5', 'Processor Speed': '\u200e5 GHz', 'Processor Count': '\u200e1', 'Memory Technology': '\u200eDDR5', 'Computer Memory Type': '\u200eDDR5 RAM', 'Maximum Memory Supported': '\u200e16 GB', 'Hard Drive Size': '\u200e512 GB', 'Hard Disk Description': '\u200eSSD', 'Hard Drive Interface': '\u200eUSB', 'Audio Details': '\u200eHeadphones, Speakers', 'Graphics Coprocessor': '\u200eNVIDIA GeForce RTX 3050', 'Graphics Chipset Brand': '\u200eNVIDIA', 'Graphics Card Description': '\u200eDedicated', 'Graphics RAM Type': '\u200eGDDR6', 'Graphics Card Ram Size': '\u200e6 GB', 'Graphics Card Interface': '\u200ePCI Express', 'Connectivity Type': '\u200eBluetooth, Wi-Fi', 'Wireless Type': '\u200eBluetooth', 'Number of USB 3.0 Ports': '\u200e2', 'Number of HDMI Ports': '\u200e1', 'Optical Drive Type': '\u200eNo', 'Operating System': '\u200eWindows 11 Home', 'Average Battery Life (in hours)': '\u200e8.5 Hours', 'Are Batteries Included': '\u200eYes', 'Lithium Battery Energy Content': '\u200e52.5 Watt Hours', 'Number of Lithium Ion Cells': '\u200e3', 'Included Components': '\u200eLaptop, Charger, User Manual', 'Country of Origin': '\u200eChina', 'Item Weight': '\u200e2 kg 290 g'}"
"Lenovo IdeaPad Slim 3 13th Gen Core i7-13620H 15.3"" (38.8cm) WUXGA IPS Laptop (24GB RAM/1TB SSD/Win 11/Office 2024/Backlit/1Yr ADP Free/Top Metal Cover & IR Camera/Grey/1.6Kg),83K100TEIN",5.0,(1),"72,390.",,-20%,"₹74,390","{'Brand': 'Lenovo', 'Model Name': 'IdeaPad Slim 3', 'Screen Size': '15.3 Inches', 'Colour': 'Luna Grey', 'Hard Disk Size': '1 TB', 'CPU Model': 'Intel Core i7', 'RAM Memory Installed Size': '24 GB', 'Operating System': 'Windows 11 Home', 'Special Feature': 'Anti Glare Coating, Backlit Keyboard, HD Audio', 'Graphics Card Description': 'Integrated'}",Lenovo,IdeaPad Slim 3,15.3 Inches,Luna Grey,1 TB,Intel Core i7,24 GB,Windows 11 Home,"Anti Glare Coating, Backlit Keyboard, HD Audio",Integrated,"About this itemProcessor: Intel Core i7-13620H | Speed: 2.4 GHz (Base) - 4.9 GHz (Max), E-core 1.8 / 3.6GHz | 10 Cores | 16 Threads | 24MB CacheDisplay: 15.3"" FHD (1920x1200) | 300Nits Brightness | Anti Glare |TUV Low Blue Light CertifiedMemory and Storage: 8GB Soldered DDR5-4800 + 16GB SODIMM DDR5-4800, Max Memory Up to 24GB (8GB soldered + 16GB SODIMM) DDR5-4800 offering | 1TB SSD M.2 2242 PCIe 4.0x4 NVMeOS and Software: Windows 11 Home Single Language, English | Microsoft 365 Basic + Office Home 2024 | Xbox GamePass Ultimate 3-month subscriptionCamera:- FHD 1080p with Privacy Shutter | Audio:- Stereo speakers, 2W x2, optimized with Dolby Audio›See more product details","{'Brand': '\u200eLenovo', 'Manufacturer': '\u200eLenovo', 'Series': '\u200eIdeaPad Slim 3', 'Colour': '\u200eLuna Grey', 'Form Factor': '\u200eThin & Light', 'Standing screen display size': '\u200e15.3 Inches', 'Screen Resolution': '\u200e1920 x 1200 pixels', 'Resolution': '\u200e1920 x 1200 Pixels', 'Package Dimensions': '\u200e47.29 x 30.8 x 7.3 cm; 1.59 kg', 'Batteries': '\u200e1 D batteries required. (included)', 'Item model number': '\u200e83K100TEIN', 'Processor Brand': '\u200eIntel', 'Processor Type': '\u200eIntel Core i7', 'Processor Speed': '\u200e2.4 GHz', 'Processor Count': '\u200e10', 'Memory Technology': '\u200eDDR5', 'Computer Memory Type': '\u200eDDR5 RAM', 'Maximum Memory Supported': '\u200e24 GB', 'Hard Drive Size': '\u200e1 TB', 'Hard Disk Description': '\u200eSSD', 'Hard Drive Interface': '\u200ePCIE x 4', 'Audio Details': '\u200eHeadphones, Speakers', 'Speaker Description': '\u200eUser-facing stereo speakers, 2W x2, optimized with Dolby Audio', 'Graphics Coprocessor': '\u200eIntel UHD Graphics', 'Graphics Chipset Brand': '\u200eIntel', 'Graphics Card Description': '\u200eIntegrated', 'Graphics RAM Type': '\u200eShared', 'Graphics Card Interface': '\u200eIntegrated', 'Connectivity Type': '\u200eWi-Fi', 'Wireless Type': '\u200e802.11ax', 'Number of USB 3.0 Ports': '\u200e3', 'Number of HDMI Ports': '\u200e1', 'Voltage': '\u200e15 Volts', 'Optical Drive Type': '\u200eNo Optical Drive', 'Operating System': '\u200eWindows 11 Home', 'Average Battery Life (in hours)': '\u200e5 Hours', 'Are Batteries Included': '\u200eYes', 'Lithium Battery Energy Content': '\u200e50 Watt Hours', 'Number of Lithium Ion Cells': '\u200e4', 'Included Components': '\u200eLaptop,Power Adapter,User Guide,Warranty Card,,,,,,,,,,,,,,,,', 'Country of Origin': '\u200eChina', 'Item Weight': '\u200e1 kg 590 g'}"
"ASUS TUF A15 (2025), AMD Ryzen 7 7445HS, Gaming Laptop(RTX 3050,75W TGP,16GB DDR5(Upgradeable Upto 64GB )512GB SSD,FHD,15.6"",144Hz,RGB Keyboard,48Whrs,Windows 11,Graphite Black,2.3 Kg) FA506NCG-HN199W",4.2,(614),"99,990.",200+ boughtin past month,-15%,"₹70,990","{'Brand': 'ASUS', 'Model Name': 'ASUS TUF Gaming A15', 'Screen Size': '15.6 Inches', 'Colour': 'Graphite Black', 'Hard Disk Size': '512 GB', 'CPU Model': 'AMD Ryzen 7', 'RAM Memory Installed Size': '16 GB', 'Operating System': 'Windows 11 Home', 'Special Feature': '720P HD camera, Anti-glare display, Backlit Keyboard', 'Graphics Card Description': 'Dedicated'}",ASUS,ASUS TUF Gaming A15,15.6 Inches,Graphite Black,512 GB,AMD Ryzen 7,16 GB,Windows 11 Home,"720P HD camera, Anti-glare display, Backlit Keyboard",Dedicated,"About this itemOperating System & Software : Windows 11 Home | 1-month trial for new Microsoft 365 customers. Credit card required | Xbox Game Pass for PC_3 monthsDisplay & Graphics : 15.6-inch (39.6 cm), FHD (1920 x 1080) 16:9, 144Hz Refresh Rate, 250nits Brightness, Anti-glare display, 62.5% SRGB | Graphics : NVIDIA GeForce RTX 3050 Laptop GPU (4GB GDDR6 dedicated )Ports & Connectivity : 1x RJ45 LAN port, 1x USB 3.2 Gen 2 Type-C with support for DisplayPort (data speed up to 10Gbps), 3x USB 3.2 Gen 1 Type-A (data speed up to 5Gbps), 1x HDMI 2.1 TMDS, 1x 3.5mm Combo Audio JackOther Features : 720P HD camera, AI noise-canceling technology, 2-speaker system, Built-in array microphone, DTS Audio Processing | Keyboard : Backlit Chiclet Keyboard 1-Zone RGB | Battery : 48WHrs, 3S1P, 3-cell Li-ion›See more product details","{'Brand': '\u200eASUS', 'Manufacturer': '\u200eASUS', 'Series': '\u200eASUS TUF Gaming A15', 'Colour': '\u200eGraphite Black', 'Form Factor': '\u200eNetbook', 'Standing screen display size': '\u200e15.6 Inches', 'Screen Resolution': '\u200e1920 x 1080 pixels', 'Resolution': '\u200e1920 x 1080 Pixels', 'Package Dimensions': '\u200e43 x 31.2 x 10.4 cm; 2.3 kg', 'Item model number': '\u200eFA506NCG-HN199W', 'Processor Brand': '\u200eAMD', 'Processor Type': '\u200eAMD Ryzen 7', 'Processor Speed': '\u200e3.2 GHz', 'Processor Count': '\u200e6', 'Memory Technology': '\u200eDDR5', 'Computer Memory Type': '\u200eDDR5 RAM', 'Maximum Memory Supported': '\u200e64 GB', 'Hard Drive Size': '\u200e512 GB', 'Hard Disk Description': '\u200eSSD', 'Graphics Coprocessor': '\u200eNVIDIA GeForce RTX 3050', 'Graphics Chipset Brand': '\u200eNVIDIA', 'Graphics Card Description': '\u200eDedicated', 'Graphics RAM Type': '\u200eGDDR6', 'Graphics Card Ram Size': '\u200e4 GB', 'Graphics Card Interface': '\u200eIntegrated', 'Wireless Type': '\u200e802.11ax', 'Optical Drive Type': '\u200eNo Optical Storage', 'Operating System': '\u200eWindows 11 Home', 'Are Batteries Included': '\u200eYes', 'Lithium Battery Energy Content': '\u200e48 Watt Hours', 'Number of Lithium Ion Cells': '\u200e3', 'Included Components': '\u200eLaptop, Power Adaptor, User Guide, Warranty Documents', 'Country of Origin': '\u200eChina', 'Item Weight': '\u200e2 kg 300 g'}"
"Acer Aspire 3, Intel Core Celeron N4500, 12GB LPDDR4 RAM, 512GB SSD, HD, 14""/35.56cm, Windows 11 Home, Silver, 1.3KG, A324-45, Thin and Light Laptop",3.4,(818),"26,490.",100+ boughtin past month,-28%,"₹25,990","{'Brand': 'acer', 'Model Name': 'Aspire 3', 'Screen Size': '14 Inches', 'Colour': 'Silver', 'Hard Disk Size': '512 GB', 'CPU Model': 'Others', 'RAM Memory Installed Size': '12 GB', 'Operating System': 'Windows 11 Home', 'Special Feature': 'Thin', 'Graphics Card Description': 'Integrated'}",acer,Aspire 3,14 Inches,Silver,512 GB,Others,12 GB,Windows 11 Home,Thin,Integrated,"About this itemProcessor : Whether you're at home, school, or work, get all the performance you need with the latest Intel Celeron N4500 Processor @ 1.10GHz ( 2 Cores, 4M Cache, up to 2.80 GHz); maintaining order and keeping your apps running consistently and smoothly.Performance : 12GB LPDDR4X RAM for full-power multitasking; 512GB SSD; Thisthin and light laptop offers a good experience for watching videos, browsing the web, remote work, or study from home.Display : 14-inch HD 1366 x 768 resolution display keeps images and videos stunning while the narrow border offers-up more viewable space. To protect user’s eyes from harmful blue light, it also includes Acer BlueLigh Shield.Wireless Connectivity : Dual band Wi-Fi 5 (802.11ac) provides fast internet access. For enhanced video calls this laptop also includes and optimized camera and microphones.Plenty of Ports : Flexible connectivity options through USB 3.0 ports. Users can also connect an external display through the HDMI port.›See more product details","{'Brand': '\u200eacer', 'Manufacturer': '\u200eAcer', 'Series': '\u200eAspire 3', 'Colour': '\u200eSilver', 'Form Factor': '\u200eUltra-Portable', 'Standing screen display size': '\u200e14 Inches', 'Screen Resolution': '\u200e1366 x 768 pixels', 'Resolution': '\u200e1366 x 768 Pixels', 'Package Dimensions': '\u200e35.5 x 30.2 x 7.6 cm; 1 g', 'Batteries': '\u200e1 Lithium Ion batteries required. (included)', 'Item model number': '\u200eA324-45', 'Processor Brand': '\u200eIntel', 'Processor Type': '\u200eOthers', 'Processor Speed': '\u200e1.1 GHz', 'Processor Count': '\u200e1', 'RAM Size': '\u200e8 GB', 'Memory Technology': '\u200eLPDDR4X', 'Computer Memory Type': '\u200eSDRAM', 'Maximum Memory Supported': '\u200e12 GB', 'Hard Drive Size': '\u200e512 GB', 'Hard Disk Description': '\u200eSSD', 'Hard Drive Interface': '\u200eUSB', 'Audio Details': '\u200eSpeakers', 'Graphics Chipset Brand': '\u200eIntel', 'Graphics Card Description': '\u200eIntegrated', 'Graphics RAM Type': '\u200eSDRAM', 'Graphics Card Interface': '\u200eIntegrated', 'Connectivity Type': '\u200eWi-Fi', 'Wireless Type': '\u200e802.11a/b/g/n/ac', 'Number of USB 2.0 Ports': '\u200e1', 'Number of USB 3.0 Ports': '\u200e1', 'Number of HDMI Ports': '\u200e1', 'Operating System': '\u200eWindows 11 Home', 'Average Battery Standby Life (in hours)': '\u200e10 Days', 'Are Batteries Included': '\u200eYes', 'Lithium Battery Energy Content': '\u200e38 Watt Hours', 'Number of Lithium Ion Cells': '\u200e2', 'Number of Lithium Metal Cells': '\u200e2', 'Included Components': '\u200e1U (contains Laptop 1N, Power cord 1N, Adapter 1N, User Manual 1N)', 'Item Weight': '\u200e1 g'}"
"Acer SmartChoice Aspire Lite, AMD Ryzen 5-5625U Processor, 16 GB/512 GB, Full HD, 15.6""/39.62 cm, Windows 11 Home, Steel Gray, 1.59 kg, AL15-41, Metal Body, Thin and Light Laptop",3.9,"(2,071)","34,320.",,,,"{'Brand': 'acer', 'Model Name': 'Aspire Lite', 'Screen Size': '15.6 Inches', 'Colour': 'Gray', 'Hard Disk Size': '512 GB', 'CPU Model': 'Ryzen 5', 'RAM Memory Installed Size': '16 GB', 'Operating System': 'Windows 11 Home', 'Special Feature': 'HD Audio, Lightweight, Numeric Keypad', 'Graphics Card Description': 'Integrated'}",acer,Aspire Lite,15.6 Inches,Gray,512 GB,Ryzen 5,16 GB,Windows 11 Home,"HD Audio, Lightweight, Numeric Keypad",Integrated,"About this itemProcessor: AMD Ryzen 5 5625U processor (2.3 GHz base clock, up to 4.3 GHz max boost clock, 16 MB L3 cache, 6 cores) | Memory: 16 GB of DDR4 Memory Upgradable up to 32GB, DDR4 3200 MHz | Storage: 512 GB, PCIe Gen3 8 Gb/s up to 4 lanes, NVMe Upgradable up to 1 TBOperating System: Windows 11 Home |Preinstalled Software: NoneDisplay: 15.6"" Full HD TN 1920 x 1080, high-brightness TFT LCD :16:9 aspect ratio ,Ultra-slim design, Mercury free, environment friendly |AMD Radeon GraphicsPorts: 1 x USB 3.2 Gen 1 (Type A), 2 x USB 2.0 (Type A), 1 x USB 3.2 Gen 2 (Type C), 1 x DC-in jack | Average battery life = up to 7 hoursCamera: HD webcam with 1280 x 720 resolution, 720p HD audio/video recording | Microphone: Built in array microphone with Noise Cancellation Features| Keyboard: 100-/101-/104-key keyboard with independent numeric keypad, international language support›See more product details","{'Brand': '\u200eacer', 'Manufacturer': '\u200eAcer', 'Series': '\u200eAspire Lite', 'Colour': '\u200eGray', 'Form Factor': '\u200eUltra-Portable', 'Standing screen display size': '\u200e15.6 Inches', 'Screen Resolution': '\u200e1920 x 1080 pixels', 'Resolution': '\u200e1920 x 1080 Pixels', 'Package Dimensions': '\u200e48.1 x 31.9 x 8.9 cm; 1.59 kg', 'Batteries': '\u200e1 Lithium Ion batteries required. (included)', 'Item model number': '\u200eAL15-41', 'Processor Brand': '\u200eAMD', 'Processor Type': '\u200eRyzen 5', 'Processor Speed': '\u200e2.3 GHz', 'Processor Count': '\u200e1', 'RAM Size': '\u200e16 GB', 'Memory Technology': '\u200eDDR4', 'Computer Memory Type': '\u200eDDR4 SDRAM', 'Maximum Memory Supported': '\u200e16 GB', 'Hard Drive Size': '\u200e512 GB', 'Hard Disk Description': '\u200eSSD', 'Hard Drive Interface': '\u200eSolid State', 'Audio Details': '\u200eSpeakers', 'Graphics Coprocessor': '\u200eAMD Radeon Graphics', 'Graphics Chipset Brand': '\u200eAMD', 'Graphics Card Description': '\u200eIntegrated', 'Graphics RAM Type': '\u200eDDR4 SDRAM', 'Graphics Card Interface': '\u200eIntegrated', 'Connectivity Type': '\u200eWi-Fi', 'Wireless Type': '\u200eBluetooth', 'Number of USB 2.0 Ports': '\u200e2', 'Number of USB 3.0 Ports': '\u200e2', 'Number of HDMI Ports': '\u200e1', 'Voltage': '\u200e240 Volts', 'Wattage': '\u200e45 Watts', 'Operating System': '\u200eWindows 11 Home', 'Average Battery Life (in hours)': '\u200e7 Hours', 'Are Batteries Included': '\u200eYes', 'Lithium Battery Energy Content': '\u200e36 Watt Hours', 'Lithium Battery Weight': '\u200e0.5 Grams', 'Number of Lithium Ion Cells': '\u200e3', 'Number of Lithium Metal Cells': '\u200e3', 'Included Components': '\u200e\u200e1U (contains Laptop 1N, Power cord 1N, Adapter 1N, User Manual 1N)', 'Item Weight': '\u200e1 kg 590 g'}"
"Lenovo Smartchoice Yoga Slim 7 Aura Edition, Intel Core Ultra 7 258V, 47 Tops, Copilot+ AI PC, 32GB RAM, 1TB SSD, 15""(38.86cm), Windows 11, MS Office Home 2024, Grey, 1.53Kg, 83HM004NIN, AI Laptop",4.2,(48),"1,14,990.",,-15%,"₹1,65,000","{'Brand': 'Lenovo', 'Model Name': 'Yoga Slim 7', 'Screen Size': '15 Inches', 'Colour': '2024 Aura | Ultra 7 258V', 'Hard Disk Size': '1 TB', 'CPU Model': 'Intel Core Ultra 7', 'RAM Memory Installed Size': '32 GB', 'Operating System': 'Windows 11 Home', 'Special Feature': 'Anti Glare Coating, Backlit Keyboard, HD Audio', 'Graphics Card Description': 'Integrated'}",Lenovo,Yoga Slim 7,15 Inches,2024 Aura | Ultra 7 258V,1 TB,Intel Core Ultra 7,32 GB,Windows 11 Home,"Anti Glare Coating, Backlit Keyboard, HD Audio",Integrated,"About this item[AI Enabled Processor] Intel Core Ultra 7 258V, 8C (4P + 4LPE) / 8T, Max Turbo upto 4.8GHz, 12MB| Cores:-16 | Threads:- 22 | Cache:- 24MB[OS and Software] Pre-Loaded Windows 11 Home with Lifetime Validity |Office Home 2024, Lenovo Vantage, Lenovo Now, Lenovo Utility, McAfee LiveSafe, Dolby Access (Dolby Vision and Atmos), Intel Unison | Xbox GamePass Ultimate 3-month subscription[Memory and Storage] 32GB Soldered LPDDR5x-8533 | 1TB SSD M.2 2242 PCIe 4.0x4 NVMe || Graphics: Integrated Intel Arc Graphics 140V, NPU:- Integrated Intel AI Boost, up to 47 TOPS[Display] 15.3"" 2.8K WQXGA+ (2880x1800) IPS | Display: 500nits Glossy | 120Hz |100% sRGB | 100% DCI-P3 | Display HDR 400 | Dolby Vision | Eyesafe[Design] Touchscreen :- In-cell, 10-point Multi-touch 1.39 cm Thin and 1.53 kg Light | Full Body Aluminium Material | Backlit Keyboard | Color Calibration:- TCON Color Calibration[Speakers] 4 stereo speakers, 2W x2 (woofers), 2W x2 (tweeters), optimized with Dolby Atmos, Smart Amplifier (AMP) || Camera :- FHD 1080p + IR with E-shutter, ToF Sensor.[Battery] Integrated Li-Polymer 70Wh battery, supports Rapid Charge Express (get 3 hours of runtime with a 15-minute charge) | Max Battery Life :- Web browsing@150nits: 13.5 hr | Local video (1080p) playback@150nits: 22 hr.[Connectivity & Ports] Wi-Fi 7, 802.11be 2x2 + BT5.4 || Ports:- 1x USB-A (USB 5Gbps / USB 3.2 Gen 1) | 2x USB-C (Thunderbolt 4 / USB4 40Gbps), with USB PD 3.1 and DisplayPort 2.1 | 1x HDMI 2.1, up to 4K/60Hz | 1x Headphone / microphone combo jack (3.5mm)[Warranty] 1 Year Onsite + 1 Year Accidental Damage Protection + 1 Year Premium CareShow More›See more product details","{'Brand': '\u200eLenovo', 'Manufacturer': '\u200eLenovo', 'Series': '\u200eYoga Slim 7', 'Colour': '\u200e2024 Aura | Ultra 7 258V', 'Form Factor': '\u200eThin & Light', 'Standing screen display size': '\u200e15 Inches', 'Screen Resolution': '\u200e2880 x 1800 pixels', 'Resolution': '\u200e2880 x 1800 Pixels', 'Package Dimensions': '\u200e51.6 x 31.6 x 7.9 cm; 1.53 kg', 'Batteries': '\u200e1 LR44 batteries required. (included)', 'Item model number': '\u200e15ILL9', 'Processor Brand': '\u200eIntel', 'Processor Type': '\u200eIntel Core Ultra 7', 'Processor Speed': '\u200e4.8 GHz', 'Processor Count': '\u200e8', 'Memory Technology': '\u200eLpddr 5', 'Computer Memory Type': '\u200eDDR5 RAM', 'Maximum Memory Supported': '\u200e32 GB', 'Memory Clock Speed': '\u200e8533 MHz', 'Hard Drive Size': '\u200e1 TB', 'Hard Disk Description': '\u200eSSD', 'Audio Details': '\u200eHeadphones, Speakers', 'Speaker Description': '\u200e4 stereo speakers, 2W x2 (woofers), 2W x2 (tweeters), optimized with Dolby Atmos, Smart Amplifier (AMP)', 'Graphics Coprocessor': '\u200eIntegrated Intel Arc Graphics 140V', 'Graphics Chipset Brand': '\u200eIntel', 'Graphics Card Description': '\u200eIntegrated', 'Graphics RAM Type': '\u200eShared', 'Graphics Card Ram Size': '\u200e16 GB', 'Graphics Card Interface': '\u200eIntegrated', 'Connectivity Type': '\u200eBluetooth, Wi-Fi', 'Wireless Type': '\u200e802.11.be', 'Number of USB 3.0 Ports': '\u200e1', 'Number of HDMI Ports': '\u200e1', 'Optical Drive Type': '\u200eNo Optical Drive', 'Operating System': '\u200eWindows 11 Home', 'Average Battery Life (in hours)': '\u200e22 Hours', 'Are Batteries Included': '\u200eYes', 'Lithium Battery Energy Content': '\u200e70 Watt Hours', 'Number of Lithium Ion Cells': '\u200e4', 'Included Components': '\u200eLaptop', 'Item Weight': '\u200e1 kg 530 g'}"
"Lenovo ThinkPad E14, AMD Ryzen 5 7535HS, 16GB RAM, 512GB SSD, WUXGA IPS 14""(35.56cm), Win11 Home, MS Office'24, Graphite Black, 1.42kg, 21M3S0AJ00, 300 Nits, Backlit, Fingerprint, Thin&Light Laptop",3.7,(32),"56,501.",50+ boughtin past month,-34%,"₹55,688","{'Brand': 'Lenovo', 'Model Name': 'E14 Gen 6', 'Screen Size': '14 Inches', 'Colour': 'Graphite Black', 'Hard Disk Size': '512 GB', 'CPU Model': 'Ryzen 5', 'RAM Memory Installed Size': '16 GB', 'Operating System': 'Windows 11', 'Special Feature': 'Anti Glare Coating, Backlit Keyboard, Copilot, Fingerprint Reader, HD Audio, Lightweight', 'Graphics Card Description': 'Integrated'}",Lenovo,E14 Gen 6,14 Inches,Graphite Black,512 GB,Ryzen 5,16 GB,Windows 11,"Anti Glare Coating, Backlit Keyboard, Copilot, Fingerprint Reader, HD Audio, Lightweight",Integrated,"About this itemWhy ThinkPad – Invest in What Lasts: ThinkPad may cost more than everyday laptops, but it’s built to last longer, perform better, and reduce downtime. Built on IBM’s legendary engineering DNA, it's designed for reliability, security, and long-term performance. It’s made for ambitious professionals, creators, and students who want both power and polish – with features that keep you moving confidently through work and life.Legendary ThinkPad Reliability – Built to Withstand Life: Tested on 12 MIL-STD-810H methods & 26 procedures, this ThinkPad is designed for rugged real-world use. Its aluminium top build resists knock, spills, and daily wear—ideal for frequent travellers, students, and professionals on the move.7th Gen AMD Ryzen 5 Power – Perfect for Multitasking: Powered by a 7th Gen AMD Ryzen 5 7535HS (6 Cores, 12 Threads, up to 4.55GHz, 16MB L3 Cache), this laptop delivers responsive performance for office work, online classes, multitasking, and daily computing needs.Fast Memory & Upgradeable Storage – Future-Ready: Comes with 16GB DDR5 RAM (4800 MHz), dual-channel capable and upgradable up to 64GB — ideal for smooth browsing, spreadsheets, and app handling. The 512GB (upgradable to 1TB) SSD ensures fast boot times, quick file access, and more storage for work or media.14” WUXGA Display – More Screen, Less Strain: Enjoy immersive visuals on the 14-inch (1920 x 1200) WUXGA IPS display with a taller 16:10 aspect ratio for more workspace. With 300 Nits brightness + anti-glare, it’s perfect for long hours of work, video calls, or binge-watching without eye strain.Dolby Atmos + AMD Radeon Graphics – Sharp Visuals & Crisp Sound: AMD Radeon Graphics with DirectX 12 enhances everyday visual tasks like video playback, presentations, and light design work. Stereo speakers (2W x2) with Dolby Atmos deliver crystal-clear sound for video calls, music, or content creation.""Versatile Ports + USB C Ports – Connect More, Do More Comprehensive connectivity for professionals: 1x USB-A (USB 5Gbps / USB 3.2 Gen 1) 1x USB-A (USB 10Gbps / USB 3.2 Gen 2), Always On 1x USB-C (USB 5Gbps / USB 3.2 Gen 1), with USB PD 3.0 and DisplayPort 1.4 1x USB-C (USB 10Gbps / USB 3.2 Gen 2), with USB PD 3.0 and DisplayPort 1.4 HDMI 2.1, up to 4K/60Hz RJ-45 Ethernet 3.5mm headphone/mic combo Supports up to 4 independent monitors – ideal for multitaskers and power users.""Ready to Work: Windows 11 + Office 2024: Pre-loaded with Windows 11 Home SL (lifetime validity) and Microsoft Office Home 2024 (India Edition), this laptop is ready for business, remote work, school, or personal projects from day one — no extra software required.›See more product details","{'Brand': '\u200eLenovo', 'Manufacturer': '\u200eLenovo', 'Series': '\u200eE14 Gen 6', 'Colour': '\u200eGraphite Black', 'Form Factor': '\u200eClamshell', 'Standing screen display size': '\u200e14 Inches', 'Screen Resolution': '\u200e1920 x 1200 pixels', 'Resolution': '\u200e1920 x 1200 Pixels', 'Package Dimensions': '\u200e44.6 x 30.5 x 7.9 cm; 1.42 kg', 'Batteries': '\u200e1 AAA batteries required. (included)', 'Processor Brand': '\u200eAMD', 'Processor Type': '\u200eRyzen 5', 'Processor Speed': '\u200e3.3 GHz', 'Processor Count': '\u200e1', 'Memory Technology': '\u200eDDR5', 'Computer Memory Type': '\u200eDDR5 RAM', 'Maximum Memory Supported': '\u200e64 GB', 'Hard Drive Size': '\u200e512 GB', 'Hard Disk Description': '\u200eSSD', 'Hard Drive Interface': '\u200eUSB', 'Audio Details': '\u200eHeadphones, Speakers', 'Speaker Description': '\u200eStereo Speakers', 'Graphics Coprocessor': '\u200eAMD Radeon graphics', 'Graphics Chipset Brand': '\u200eAMD', 'Graphics Card Description': '\u200eIntegrated', 'Graphics RAM Type': '\u200eShared', 'Graphics Card Interface': '\u200eIntegrated', 'Connectivity Type': '\u200eBluetooth, Wi-Fi', 'Wireless Type': '\u200e802.11ax', 'Number of HDMI Ports': '\u200e1', 'Number of Ethernet Ports': '\u200e1', 'Optical Drive Type': '\u200eNo Optical Drive', 'Operating System': '\u200eWindows 11', 'Are Batteries Included': '\u200eYes', 'Lithium Battery Energy Content': '\u200e47 Watt Hours', 'Number of Lithium Ion Cells': '\u200e3', 'Included Components': '\u200eLaptop, User manual, Adapter', 'Item Weight': '\u200e1 kg 420 g'}"
